name,position,team,vfm,value,points,status,description,returns,month_points,week_points
Paulinho,MID,TOT,5.75,4.0,23,,,,2.0,0.0
"Cresswell, Aaron",DEF,WHM,33.33,1.5,50,,,,9.0,3.0
"Baird, Chris",DEF,WBA,-1.0,1.0,-1,,,,-1.0,0.0
"Dyer, Nathan",MID,SWA,25.2,2.5,63,,,,2.0,0.0
"Sakho, Mamadou",DEF,LIV,0.89,4.5,4,,,,0.0,0.0
"Leiva, Lucas",MID,LIV,9.33,1.5,14,,,,6.0,3.0
"Sissoko, Moussa",MID,NEW,20.0,2.5,50,,,,5.0,3.0
"Kagawa, Shinji",MID,MUN,0.0,3.5,0,,,,0.0,0.0
"Snodgrass, Robert",MID,HUL,0.67,3.0,2,Injured,Withdrawn on 40 minutes in the clash with QPR on 16/8.  Steve Bruce revealed on 20/8 Snodgrass could be out for up to six months with a dislocated kneecap.,Unknown,0.0,0.0
"Cissokho, Aly",DEF,AVL,26.0,1.5,39,,,,11.0,3.0
"Clichy, Gael",DEF,MCY,11.11,4.5,50,,,,27.0,8.0
"Adam, Charlie",MID,STO,12.0,2.5,30,,,,-1.0,0.0
"Crouch, Peter",STR,STO,14.0,2.5,35,,,,12.0,5.0
Fernandinho,MID,MCY,6.0,4.5,27,,,,8.0,0.0
"Bony, Wilfried",STR,SWA,13.56,4.5,61,,,,16.0,8.0
"Sagbo, Yannick",STR,HUL,0.0,1.0,0,,,,0.0,0.0
"Ramsey, Aaron",MID,ARS,11.8,5.0,59,Injured,Withdrawn at half-time during 9/12 game against Galatasaray. Ramsey sat out of the Emirates meeting with Newcastle on 13/12 with Wenger also ruling him out of the trip to Liverpool on 21/12.,26/12/2014,25.0,0.0
"Dier, Eric",DEF,TOT,23.0,2.0,46,,,,5.0,0.0
"Sagna, Bacary",DEF,MCY,4.0,4.5,18,,,,8.0,8.0
"Taylor, Matty",MID,BUR,2.0,1.0,2,Injured,Missed 13/9 game against Crystal Palace with problem. Underwent surgery on 16/10 and will be out for foreseeable future.,Unknown,0.0,0.0
"Knockaert, Anthony",MID,LEI,1.33,1.5,2,,,,0.0,0.0
"Janmaat, Daryl",DEF,NEW,18.4,2.5,46,,,,-1.0,-4.0
"Jenas, Jermaine",MID,QPR,0.0,1.0,0,,,,0.0,0.0
"di Maria, Angel",MID,MUN,8.17,6.0,49,Doubtful,"Sustained in the 3-0 win over Hull on 29/11 which saw him forced off on 14 minutes. Louis van Gaal stated post match that he would miss the home clash with Stoke on 2/12 because it was ""too close"".",20/12/2014,0.0,0.0
"Kompany, Vincent",DEF,MCY,9.85,6.5,64,Injured,Sustained in the encounter with Leicester on 13/12 which saw him forced off on 75 minutes.,26/12/2014,5.0,5.0
"Altidore, Jozy",STR,SUN,2.67,1.5,4,,,,0.0,0.0
"Fonte, Jose",DEF,SOT,17.33,3.0,52,,,,-3.0,-1.0
"Fletcher, Darren",MID,MUN,2.5,2.0,5,,,,0.0,0.0
"Hazard, Eden",MID,CHE,19.86,7.0,139,,,,41.0,23.0
"Johnson, Andrew",STR,CRY,0.0,1.0,0,,,,0.0,0.0
"Lloris, Hugo",GK,TOT,18.44,4.5,83,,,,9.0,3.0
"Mee, Ben",DEF,BUR,16.0,1.0,16,,,,4.0,5.0
"Naismith, Steven",STR,EVE,24.0,2.5,60,,,,8.0,8.0
"Nolan, Kevin",MID,WHM,4.67,3.0,14,,,,8.0,0.0
Nani,MID,MUN,0.0,3.0,0,Unavailable,Joined Sporting Lisbon on season-long loan deal,25/05/2015,0.0,0.0
"Jedinak, Mile",MID,CRY,24.0,2.0,48,,,,5.0,0.0
"Szczesny, Wojciech",GK,ARS,7.78,4.5,35,,,,3.0,0.0
"Mirallas, Kevin",MID,EVE,14.25,4.0,57,Injured,"Sustained in the 3-1 win over QPR on 15/12 which saw him stretchered from the field on 75 minutes. Roberto Martinez described the injury as ""bad"" post-match and confirmed that the player would undergo",26/12/2014,11.0,8.0
"Stambouli, Benjamin",MID,TOT,11.2,2.5,28,,,,4.0,4.0
"Schlupp, Jeff",DEF,LEI,11.33,1.5,17,,,,-5.0,0.0
"Fabregas, Cesc",MID,CHE,13.27,5.5,73,,,,12.0,3.0
"Wisdom, Andre",DEF,WBA,21.33,1.5,32,,,,9.0,5.0
"Smalling, Chris",DEF,MUN,3.71,3.5,13,Injured,Forced off early during 8/12 game against Southampton.,26/12/2014,3.0,0.0
"Fellaini, Marouane",MID,MUN,7.14,3.5,25,Injured,Ruled out of 20/12 game against Aston Villa due to problem.,26/12/2014,9.0,1.0
"Yoshida, Maya",DEF,SOT,5.0,2.0,10,,,,-1.0,0.0
"Kebe, Jimmy",MID,CRY,0.0,1.5,0,,,,0.0,0.0
"Vlaar, Ron",DEF,AVL,10.33,3.0,31,,,,0.0,0.0
"Garcia, Javi",MID,MCY,0.0,3.0,0,,,,0.0,0.0
"Davies, Ben",DEF,TOT,11.67,3.0,35,,,,9.0,3.0
"Zabaleta, Pablo",DEF,MCY,6.17,6.0,37,,,,29.0,0.0
"Weimann, Andreas",STR,AVL,10.0,2.5,25,,,,-1.0,0.0
"Gamboa, Cristian",DEF,WBA,3.0,2.0,6,,,,0.0,0.0
"Pienaar, Steven",MID,EVE,2.0,3.0,6,,,,-1.0,0.0
"Bridcutt, Liam",MID,SUN,9.33,1.5,14,,,,9.0,0.0
Willian,MID,CHE,11.11,4.5,50,,,,3.0,1.0
"Sidwell, Steve",MID,STO,5.33,1.5,8,Injured,Sustained in the 1-0 defeat at Liverpool on 29/11 which saw him forced off on 22 minutes.,01/01/2015,0.0,0.0
"Milner, James",MID,MCY,19.33,3.0,58,,,,20.0,2.0
"Sung-Yueng, Ki",MID,SWA,32.67,1.5,49,,,,20.0,2.0
"Canas, Jose",MID,SWA,0.0,1.0,0,,,,0.0,0.0
"Sterling, Raheem",MID,LIV,20.67,4.5,93,,,,23.0,18.0
"Simpson, Danny",DEF,LEI,-2.67,1.5,-4,,,,-1.0,0.0
"Vertonghen, Jan",DEF,TOT,10.4,5.0,52,,,,16.0,10.0
"Ferdinand, Rio",DEF,QPR,1.0,2.0,2,,,,0.0,0.0
"Bertrand, Ryan",DEF,SOT,32.5,2.0,65,,,,5.0,3.0
"Fazio, Federico",DEF,TOT,5.0,4.0,20,,,,8.0,5.0
"Tiote, Cheick",MID,NEW,-0.67,1.5,-1,Doubtful,Missed the Capital One Cup tie with Tottenham on 17/12.,21/12/2014,0.0,-1.0
"Oviedo, Bryan",MID,EVE,0.0,2.0,0,,,,0.0,0.0
"Hernandez, Javier",STR,MUN,0.0,3.0,0,Unavailable,Joined Real Madrid in season-long loan deal.,25/05/2015,0.0,0.0
"Eto'o, Samuel",STR,EVE,12.86,3.5,45,,,,0.0,0.0
"Blind, Daley",DEF,MUN,4.57,3.5,16,Injured,Forced off during Holland's win over Latvia on 16/11. Louis van Gaal confirmed on 20/11 the midfielder could be sidelined for up to six months.,Unknown,0.0,0.0
"Silva, David",MID,MCY,8.67,6.0,52,,,,7.0,5.0
"Coleman, Seamus",DEF,EVE,9.33,4.5,42,,,,2.0,0.0
"Adebayor, Emmanuel",STR,TOT,8.75,4.0,35,,,,0.0,0.0
"Flores, Chico",DEF,SWA,0.0,3.0,0,,,,0.0,0.0
"Delaney, Damien",DEF,CRY,9.0,2.0,18,,,,0.0,0.0
"Torres, Fernando",STR,CHE,0.0,4.0,0,,,,0.0,0.0
"Yanga-Mbiwa, Mapou",DEF,NEW,0.0,1.5,0,Unavailable,Joined Roma on season-long loan deal.,25/05/2015,0.0,0.0
"Nasri, Samir",MID,MCY,7.27,5.5,40,,,,26.0,9.0
"Valencia, Enner",STR,WHM,9.0,3.0,27,,,,0.0,0.0
"Campbell, Fraizer",STR,CRY,10.5,2.0,21,,,,-1.0,0.0
"Williamson, Mike",DEF,NEW,5.0,2.0,10,,,,-7.0,-6.0
"Vergini, Santiago",DEF,SUN,13.33,1.5,20,,,,4.0,0.0
"Mertesacker, Per",DEF,ARS,6.73,5.5,37,,,,9.0,3.0
"Vermaelen, Thomas",DEF,ARS,0.0,4.0,0,,,,0.0,0.0
"Reid, Steven",DEF,BUR,6.0,1.0,6,,,,0.0,0.0
"Johnson, Adam",MID,SUN,8.0,3.5,28,,,,2.0,0.0
"Robertson, Andrew",DEF,HUL,17.0,1.0,17,,,,4.0,-1.0
"Kolarov, Aleksandar",DEF,MCY,5.75,4.0,23,,,,5.0,0.0
"Cisse, Papiss",STR,NEW,17.67,3.0,53,Doubtful,Missed the Capital One Cup tie with Tottenham on 17/12 due to illness.,21/12/2014,23.0,0.0
"Jones, Phil",DEF,MUN,2.89,4.5,13,,,,7.0,7.0
"Wallace, Ross",MID,BUR,10.0,1.0,10,,,,0.0,0.0
"Livermore, Jake",MID,HUL,10.0,1.5,15,,,,2.0,0.0
"Aluko, Sone",STR,HUL,2.0,1.5,3,,,,5.0,0.0
"Osman, Leon",MID,EVE,15.2,2.5,38,Doubtful,Rated a doubt for 20/12 trip to Southampton.,20/12/2014,0.0,0.0
Fernando,MID,MCY,6.67,3.0,20,,,,8.0,2.0
"Barkley, Ross",MID,EVE,8.5,4.0,34,,,,12.0,13.0
"Bolasie, Yannick",MID,CRY,21.2,2.5,53,,,,20.0,8.0
"Ramirez, Gaston",MID,HUL,1.5,2.0,3,,,,0.0,0.0
"Schmeichel, Kasper",GK,LEI,7.0,1.0,7,,,,0.0,0.0
"Bent, Darren",STR,AVL,0.0,2.0,0,Unavailable,Moved to Brighton on one-month loan on 26/11,27/12/2014,0.0,0.0
"Nzonzi, Steven",MID,STO,16.8,2.5,42,,,,11.0,0.0
"Kightly, Michael",MID,BUR,12.0,1.0,12,,,,0.0,0.0
"Schurrle, Andre",MID,CHE,12.67,4.5,57,,,,21.0,9.0
"Cattermole, Lee",MID,SUN,39.0,1.0,39,,,,4.0,3.0
"Rodwell, Jack",MID,SUN,7.2,2.5,18,,,,0.0,0.0
"Ivanovic, Branislav",DEF,CHE,13.5,6.0,81,,,,12.0,5.0
"Balotelli, Mario",STR,LIV,4.0,5.0,20,Suspended,Handed one-match ban for recent social media post. Will miss 20/12 clash with Arsenal before returning for 26/12 trip to Burnley.,26/12/2014,2.0,2.0
"Gerrard, Steven",MID,LIV,11.2,5.0,56,,,,24.0,2.0
"Chester, James",DEF,HUL,14.0,1.5,21,,,,3.0,-2.0
"van Aanholt, Patrick",DEF,SUN,-2.0,1.5,-3,,,,0.0,0.0
"Britton, Leon",MID,SWA,2.67,1.5,4,,,,4.0,3.0
"Lescott, Joleon",DEF,WBA,21.5,2.0,43,,,,15.0,5.0
"Long, Shane",STR,SOT,8.29,3.5,29,,,,0.0,0.0
"Gomez, Jordi",MID,SUN,22.67,1.5,34,,,,6.0,4.0
"Cabella, Remy",MID,NEW,9.2,2.5,23,,,,0.0,0.0
"Jovetic, Stevan",STR,MCY,10.0,4.0,40,Injured,Missed the trip to Leicester on 13/12 with a minor muscle injury.,26/12/2014,8.0,0.0
"van Ginkel, Marco",MID,CHE,0.0,2.0,0,Unavailable,Joined AC Milan on season-long loan,25/05/2015,0.0,0.0
"Ameobi, Sammy",STR,NEW,15.0,1.0,15,Doubtful,Missed 17/12 cup trip to Tottenham.,20/12/2014,0.0,0.0
"Skrtel, Martin",DEF,LIV,0.6,5.0,3,,,,6.0,-2.0
"Morrison, James",MID,WBA,11.6,2.5,29,,,,7.0,5.0
"Ben Arfa, Hatem",MID,HUL,4.5,2.0,9,,,,0.0,0.0
"Sigurdsson, Gylfi",MID,SWA,22.0,3.0,66,,,,8.0,3.0
"Krul, Tim",GK,NEW,12.0,3.0,36,Injured,"Picked up problem in training ahead of 29/11 game against West Ham. Ruled out ""for the next four or five games"" by Alan Pardew on 29/11.",26/12/2014,0.0,0.0
"Soldado, Roberto",STR,TOT,5.14,3.5,18,,,,5.0,5.0
"Ward, Joel",DEF,CRY,7.2,2.5,18,,,,8.0,0.0
"Davies, Curtis",DEF,HUL,5.6,2.5,14,,,,-1.0,-1.0
"Fabianski, Lukasz",GK,SWA,13.6,2.5,34,,,,3.0,0.0
"Walcott, Theo",MID,ARS,0.4,5.0,2,Doubtful,"Arsene Wenger revealed on 21/11 he ""doesn't think"" Walcott will be available for following day's clash with Man United.",20/12/2014,0.0,0.0
"O'Shea, John",DEF,SUN,13.6,2.5,34,,,,8.0,3.0
"Vargas, Eduardo",STR,QPR,0.0,2.0,0,,,,0.0,0.0
"Lowton, Matt",DEF,AVL,8.0,1.0,8,,,,0.0,0.0
"Zaha, Wilfried",MID,CRY,7.5,2.0,15,Doubtful,Withdrawn on 60 minutes of the 1-1 draw with Stoke on 13/12 with a knock.,20/12/2014,2.0,0.0
"Vardy, Jamie",STR,LEI,22.0,1.0,22,,,,2.0,0.0
"Vokes, Sam",STR,BUR,0.0,1.0,0,,,,0.0,0.0
"Young, Ashley",MID,MUN,4.8,2.5,12,,,,10.0,5.0
"Doyle, Kevin",STR,CRY,2.0,1.5,3,,,,0.0,0.0
"Taylor, Steven",DEF,NEW,13.5,2.0,27,Doubtful,Missed 17/12 cup defeat at Spurs with problem but has since returned to training.,20/12/2014,0.0,0.0
"Davis, Steven",MID,SOT,18.0,2.0,36,Doubtful,Missed 16/12 cup clash with Sheffield United due to problem.,20/12/2014,6.0,0.0
"Zamora, Bobby",STR,QPR,8.67,1.5,13,,,,5.0,5.0
"Cork, Jack",MID,SOT,32.0,1.5,48,Injured,Forced off early during 3/12 game against Arsenal.,17/01/2015,0.0,0.0
"Downing, Stewart",MID,WHM,29.2,2.5,73,,,,23.0,12.0
"Austin, Charlie",STR,QPR,30.8,2.5,77,,,,5.0,0.0
"Besic, Muhamed",MID,EVE,7.33,3.0,22,,,,11.0,3.0
"Alderweireld, Toby",DEF,SOT,12.8,2.5,32,,,,2.0,0.0
"Cech, Petr",GK,CHE,4.36,5.5,24,,,,8.0,5.0
"Hangeland, Brede",DEF,CRY,9.5,2.0,19,,,,8.0,0.0
"Cleverley, Tom",MID,AVL,5.0,2.0,10,Suspended,Suspened for one match after picking up his fifth booking of the season in the encounter with West Brom on 13/12. He will miss the clash with Man United on 20/12 to return to contention on 26/12 again,26/12/2014,1.0,-1.0
"Dann, Scott",DEF,CRY,12.5,2.0,25,,,,7.0,-1.0
"Berahino, Saido",STR,WBA,34.5,2.0,69,,,,0.0,0.0
"Carroll, Andy",STR,WHM,6.86,3.5,24,,,,21.0,0.0
"Krkic, Bojan",STR,STO,13.6,2.5,34,Doubtful,Withdrawn on 54 minutes of the 1-1 draw with Crystal Palace on 13/12 with a knock to his hip which was restricting his movement and influence on the game.,20/12/2014,16.0,3.0
"Mulumbu, Youssouf",MID,WBA,11.33,1.5,17,,,,4.0,0.0
"Caballero, Willy",GK,MCY,0.86,3.5,3,,,,0.0,0.0
"McArthur, James",MID,CRY,12.5,2.0,25,,,,13.0,8.0
"Jenkinson, Carl",DEF,WHM,16.67,1.5,25,,,,9.0,3.0
"O'Brien, Joey",DEF,WHM,-0.5,2.0,-1,,,,0.0,0.0
"Ince, Tom",MID,HUL,6.5,2.0,13,Unavailable,Joined Nottingham Forest on a two-month loan on 30/10.,30/12/2014,0.0,0.0
"Sessegnon, Stephane",MID,WBA,12.33,3.0,37,,,,6.0,5.0
"Remy, Loic",STR,CHE,7.5,4.0,30,,,,11.0,3.0
"Barry, Gareth",MID,EVE,11.2,2.5,28,,,,5.0,0.0
"Shaw, Luke",DEF,MUN,2.22,4.5,10,Injured,"Sustained against Arsenal on 22/11 which saw him forced off on 16 minutes. Ruled out ""for a few weeks"" on 28/11.",Unknown,0.0,0.0
"Mariappa, Adrian",DEF,CRY,7.0,1.0,7,Doubtful,Missed 23/11 clash with Liverpool after sustaining injury in training the previous day.,20/12/2014,0.0,0.0
"Collins, James",DEF,WHM,4.8,2.5,12,,,,0.0,0.0
"Okore, Jores",DEF,AVL,15.33,1.5,23,,,,19.0,8.0
"Oxlade-Chamberlain, Alex",MID,ARS,14.86,3.5,52,Doubtful,Struggling with a groin problem which restricted his movement at the end of the 4-1 win over Newcastle on 13/12.,21/12/2014,6.0,2.0
"Manquillo, Javier",DEF,LIV,1.33,3.0,4,,,,0.0,0.0
"Lampard, Frank",MID,MCY,20.0,3.0,60,,,,12.0,10.0
"Schneiderlin, Morgan",MID,SOT,17.71,3.5,62,Suspended,Set to serve one-match ban for earning a fifth yellow card of the season during 16/12 cup clash with Shefffield United. Will miss 20/12 game against Everton before returning for 26/12 trip to Crystal,26/12/2014,2.0,2.0
"Olsson, Jonas",DEF,WBA,1.0,2.0,2,Injured,Expected to return in mid January after undergoing surgery.,10/01/2015,0.0,0.0
"Shelvey, Jonjo",MID,SWA,10.0,3.0,30,,,,2.0,0.0
"Colback, Jack",MID,NEW,22.67,1.5,34,,,,3.0,0.0
"Taylor-Fletcher, Gary",STR,LEI,0.0,1.0,0,,,,0.0,0.0
"Heaton, Tom",GK,BUR,35.0,1.0,35,,,,10.0,11.0
"Chadli, Nacer",MID,TOT,26.4,2.5,66,,,,12.0,10.0
"Bruce, Alex",DEF,HUL,20.0,1.0,20,,,,-2.0,-2.0
"Gouffran, Yoan",MID,NEW,3.6,2.5,9,,,,0.0,0.0
"Riviere, Emmanuel",STR,NEW,7.2,2.5,18,,,,0.0,0.0
"Green, Robert",GK,QPR,18.67,1.5,28,,,,8.0,-2.0
"Vorm, Michel",GK,TOT,5.33,3.0,16,,,,11.0,8.0
"Ozil, Mesut",MID,ARS,2.55,5.5,14,Injured,Reports on 8/10 suggest he could be sidelined for 10-12 weeks.,Unknown,0.0,0.0
Oscar,MID,CHE,15.45,5.5,85,,,,10.0,5.0
"Fer, Leroy",MID,QPR,10.8,2.5,27,,,,8.0,0.0
"Pantilimon, Costel",GK,SUN,9.6,2.5,24,,,,5.0,3.0
"Lamela, Erik",MID,TOT,21.67,3.0,65,,,,2.0,0.0
"Brunt, Chris",MID,WBA,14.0,1.5,21,,,,-1.0,0.0
"Wilson, Marc",DEF,STO,7.0,2.0,14,,,,-2.0,0.0
"Valencia, Antonio",MID,MUN,4.0,3.5,14,,,,5.0,5.0
"King, Andy",MID,LEI,1.33,1.5,2,,,,0.0,0.0
"Rooney, Wayne",STR,MUN,5.14,7.0,36,,,,6.0,7.0
"Meyler, David",MID,HUL,4.67,1.5,7,,,,0.0,-1.0
Ramires,MID,CHE,6.25,4.0,25,,,,5.0,2.0
"James, Matthew",MID,LEI,10.0,1.0,10,,,,0.0,0.0
"Luna, Antonio",DEF,AVL,0.0,1.5,0,Unavailable,Joined Verona on season-long loan deal.,25/05/2015,0.0,0.0
"Pieters, Erik",DEF,STO,1.67,3.0,5,,,,0.0,0.0
"Gibson, Darron",MID,EVE,2.67,1.5,4,Doubtful,Withdrew from Republic of Ireland squad on 15/11 due to problem.,15/12/2014,0.0,0.0
"Hernandez, Pablo",MID,SWA,0.0,2.0,0,,,,0.0,0.0
"Ward-Prowse, James",MID,SOT,13.33,1.5,20,,,,3.0,3.0
"Kelly, Martin",DEF,CRY,3.5,2.0,7,,,,5.0,0.0
"Sakho, Diafra",STR,WHM,9.67,3.0,29,,,,8.0,0.0
"Sturridge, Daniel",STR,LIV,2.17,6.0,13,Injured,Set for scans after sustaining problem during training on 18/11. Club confirmed the following day he is set for another period on the sidelines.,Unknown,0.0,0.0
"de Gea, David",GK,MUN,12.89,4.5,58,,,,19.0,13.0
"Drinkwater, Daniel",MID,LEI,5.33,1.5,8,,,,0.0,0.0
"Tomkins, James",DEF,WHM,10.0,2.0,20,,,,7.0,0.0
"Figueroa, Maynor",DEF,HUL,-1.0,2.0,-2,Unavailable,Joined Wigan Athletic on a month-long loan on 21/10.,30/12/2014,0.0,0.0
"Diame, Mohamed",MID,HUL,16.4,2.5,41,Injured,Forced off during 3/12 clash with Everton due to recurrence of previous injury. Confirmed on 13/12 that Diame had been put in a brace for at least a month.,31/01/2015,0.0,0.0
"Forster, Fraser",GK,SOT,20.0,3.0,60,,,,10.0,3.0
"Song, Alex",MID,WHM,11.2,2.5,28,,,,6.0,3.0
"Dunne, Richard",DEF,QPR,10.0,1.5,15,,,,10.0,-2.0
"N'Zogbia, Charles",MID,AVL,7.5,2.0,15,,,,-1.0,0.0
"Fernandez, Federico",DEF,SWA,10.8,2.5,27,,,,0.0,0.0
"Wilshere, Jack",MID,ARS,6.25,4.0,25,Injured,Sustained in the encounter with Man United on 22/11 which saw him forced off on 55 minutes. Ruled out for three months on 27/11 after undergoing surgery.,28/02/2015,0.0,0.0
"Jarvis, Matt",MID,WHM,1.6,2.5,4,,,,0.0,0.0
"Brady, Robbie",MID,HUL,23.33,1.5,35,,,,2.0,0.0
"Terry, John",DEF,CHE,13.08,6.5,85,,,,12.0,8.0
"Guzan, Brad",GK,AVL,25.0,2.0,50,,,,14.0,3.0
"Chiriches, Vlad",DEF,TOT,5.14,3.5,18,,,,5.0,8.0
"Shawcross, Ryan",DEF,STO,10.29,3.5,36,,,,4.0,3.0
"Herrera, Ander",MID,MUN,7.25,4.0,29,,,,7.0,2.0
"Bardsley, Phil",DEF,STO,2.5,2.0,5,,,,-3.0,0.0
"Konchesky, Paul",DEF,LEI,1.0,1.0,1,,,,-3.0,0.0
"Williams, Ashley",DEF,SWA,19.67,3.0,59,,,,5.0,2.0
"Demel, Guy",DEF,WHM,0.5,2.0,1,,,,0.0,0.0
"Jelavic, Nikica",STR,HUL,11.0,3.0,33,,,,0.0,0.0
"Santon, Davide",DEF,NEW,0.0,2.5,0,Injured,"Expected to be sidelined until November, Alan Pardew has revealed.",Unknown,0.0,0.0
"Jones, David",MID,BUR,19.0,1.0,19,,,,5.0,2.0
"Hoilett, Junior",MID,QPR,4.67,1.5,7,,,,0.0,0.0
"Pelle, Graziano",STR,SOT,38.0,2.0,76,Doubtful,Rated a doubt for 20/12 game against Everton with minor problem.,20/12/2014,7.0,-1.0
"Traore, Armand",DEF,QPR,-4.0,1.0,-4,,,,0.0,0.0
"Buckley, Will",MID,SUN,13.33,1.5,20,,,,1.0,0.0
"Lovren, Dejan",DEF,LIV,2.25,4.0,9,Doubtful,Forced off during 17/12 cup clash with Bournemouth.,20/12/2014,-3.0,-2.0
"Rosenior, Liam",DEF,HUL,0.5,2.0,1,,,,5.0,0.0
"Dembele, Mousa",MID,TOT,10.8,2.5,27,,,,5.0,2.0
"Howard, Tim",GK,EVE,7.5,4.0,30,,,,0.0,0.0
"Alvarez, Ricky",MID,SUN,1.6,2.5,4,,,,2.0,0.0
"Chambers, Calum",DEF,ARS,19.6,2.5,49,,,,3.0,0.0
"Walters, Jon",STR,STO,21.2,2.5,53,,,,8.0,0.0
"Monreal, Nacho",DEF,ARS,7.5,4.0,30,Doubtful,Ruled out of 6/12 trip to Stoke.,20/12/2014,5.0,0.0
"Koscielny, Laurent",DEF,ARS,6.83,6.0,41,Injured,Missed the Emirates meeting with Newcastle on 13/12 with Wenger also ruling him out of the trip to Liverpool on 21/12.,26/12/2014,8.0,0.0
"Reid, Winston",DEF,WHM,8.4,2.5,21,,,,2.0,-1.0
"Assaidi, Oussama",MID,STO,3.5,2.0,7,,,,0.0,0.0
"Cole, Joe",MID,AVL,10.0,1.0,10,Injured,Sustained in the 1-0 win at Crystal Palace on 2/12 which saw him replaced on 9 minutes.,20/12/2014,2.0,0.0
"Agbonlahor, Gabriel",STR,AVL,13.6,2.5,34,,,,2.0,0.0
"Markovic, Lazar",MID,LIV,4.0,3.0,12,,,,7.0,8.0
"Mannone, Vito",GK,SUN,3.6,2.5,9,,,,0.0,0.0
Rafael,DEF,MUN,1.25,4.0,5,,,,0.0,0.0
"Lennon, Aaron",MID,TOT,4.67,3.0,14,,,,2.0,0.0
"Hill, Clint",DEF,QPR,3.33,1.5,5,,,,0.0,0.0
"Drogba, Didier",STR,CHE,12.5,4.0,50,Doubtful,Sustained in the Capital One Cup tie with Derby County on 16/12 which saw him forced off on 63 minutes.,20/12/2014,19.0,3.0
"Bannan, Barry",MID,CRY,1.0,1.0,1,,,,0.0,0.0
"Arteta, Mikel",MID,ARS,6.29,3.5,22,Injured,"Withdrawn during 26/11 game against Borussia Dortmund with problem. Post-match, Arsene Wenger admitted the injury ""looked quite serious"".",20/12/2014,0.0,0.0
"Delph, Fabian",MID,AVL,6.0,2.5,15,,,,0.0,0.0
"Stones, John",DEF,EVE,5.2,2.5,13,,,,0.0,0.0
"Ideye, Brown",STR,WBA,5.6,2.5,14,,,,0.0,0.0
"Evans, Jonny",DEF,MUN,1.75,4.0,7,,,,4.0,4.0
"Hart, Joe",GK,MCY,10.0,6.0,60,,,,25.0,4.0
"Henderson, Jordan",MID,LIV,13.43,3.5,47,,,,16.0,3.0
"Rodriguez, Jay",STR,SOT,0.0,4.0,0,Injured,Sustained in the 4-1 defeat to Man City on 5/4 which saw him stretchered off in the first half. Club confirmed on 7/4 he is expected to be sidelined for around six months.,Unknown,0.0,0.0
"Mutch, Jordon",MID,QPR,1.0,2.0,2,,,,1.0,-1.0
"El Ahmadi, Karim",MID,AVL,0.0,1.0,0,,,,0.0,0.0
"Speroni, Julian",GK,CRY,12.0,1.5,18,,,,8.0,0.0
"Kane, Harry",STR,TOT,82.67,1.5,124,,,,29.0,26.0
"Begovic, Asmir",GK,STO,5.14,3.5,18,,,,1.0,3.0
"Anichebe, Victor",STR,WBA,6.5,2.0,13,Doubtful,Replaced during 6/12 game against Hull due to problem.,13/12/2014,0.0,0.0
"Palacios, Wilson",MID,STO,0.0,1.0,0,,,,0.0,0.0
"McGeady, Aiden",MID,EVE,10.4,2.5,26,,,,0.0,0.0
"Albrighton, Marc",MID,LEI,-1.33,1.5,-2,,,,0.0,0.0
"Coloccini, Fabricio",DEF,NEW,16.8,2.5,42,,,,-3.0,-6.0
"Henry, Karl",MID,QPR,10.0,1.0,10,,,,5.0,0.0
"Agger, Daniel",DEF,LIV,0.0,4.5,0,,,,0.0,0.0
"Upson, Matthew",DEF,LEI,0.0,2.0,0,Injured,"Nigel Pearson revealed on 12/8 the defender is set to undergo surgery and will be out ""for a while"".",Unknown,0.0,0.0
"Vaz Te, Ricardo",STR,WHM,2.0,1.5,3,,,,0.0,0.0
"Trippier, Kieran",DEF,BUR,35.0,1.0,35,,,,12.0,13.0
"Diouf, Mame Biram",STR,STO,22.67,1.5,34,,,,0.0,0.0
"Moreno, Alberto",DEF,LIV,2.75,4.0,11,,,,2.0,-2.0
"Kouyate, Cheikhou",MID,WHM,17.0,1.0,17,,,,6.0,3.0
"Januzaj, Adnan",MID,MUN,1.71,3.5,6,,,,0.0,0.0
"van Persie, Robin",STR,MUN,7.86,7.0,55,,,,26.0,8.0
"Mane, Sadio",MID,SOT,14.0,2.0,28,,,,-3.0,-2.0
"Enrique, Jose",DEF,LIV,3.14,3.5,11,,,,0.0,0.0
"Lukaku, Romelu",STR,EVE,13.78,4.5,62,,,,8.0,0.0
"Odemwingie, Peter",STR,STO,1.2,2.5,3,Injured,"Forced off during 30/8 game against Man City. Ruled out for the ""foreseeable future"" on 1/9.",Unknown,0.0,0.0
"Falcao, Radamel",STR,MUN,1.23,6.5,8,,,,0.0,0.0
"Routledge, Wayne",MID,SWA,17.2,2.5,43,,,,12.0,3.0
"Flamini, Mathieu",MID,ARS,14.0,1.5,21,,,,4.0,0.0
"Huddlestone, Tom",MID,HUL,9.6,2.5,24,Suspended,Serving a four-match ban. Huddlestone earned a one-match ban after collecting his fifth yellow card of the season during the 13/12 game against Chelsea. He then received an additional three-match ban,04/01/2015,2.0,-3.0
"McAuley, Gareth",DEF,WBA,8.4,2.5,21,,,,15.0,7.0
"Ulloa, Leonardo",STR,LEI,19.0,2.0,38,,,,8.0,0.0
"Azpilicueta, Cesar",DEF,CHE,8.73,5.5,48,,,,12.0,3.0
"Coutinho, Philippe",MID,LIV,7.75,4.0,31,,,,5.0,0.0
"Ings, Danny",STR,BUR,18.0,2.5,45,,,,3.0,0.0
"Caulker, Steven",DEF,QPR,11.5,2.0,23,Doubtful,Missed 15/12 trip to Everton with problem.,20/12/2014,4.0,0.0
"Can, Emre",MID,LIV,7.0,2.0,14,,,,0.0,0.0
"Amat, Jordi",DEF,SWA,15.0,1.0,15,,,,0.0,0.0
"Morgan, Wes",DEF,LEI,8.67,1.5,13,,,,-5.0,0.0
"Mignolet, Simon",GK,LIV,6.44,4.5,29,,,,5.0,0.0
"Campbell, Joel",STR,ARS,1.0,3.0,3,,,,3.0,0.0
"Borini, Fabio",STR,LIV,0.0,3.0,0,,,,0.0,0.0
"Sordell, Marvin",STR,BUR,-2.0,1.0,-2,,,,0.0,0.0
"Rosicky, Tomas",MID,ARS,4.0,2.0,8,Injured,Rated a doubt for 6/12 trip to Stoke.,26/12/2014,0.0,0.0
"Johnson, Glen",DEF,LIV,2.67,4.5,12,Injured,Sustained in the encounter with Man United on 14/12 which saw him forced off on 24 minutes.,Unknown,3.0,-2.0
"O'Neil, Gary",MID,QPR,0.0,1.5,0,,,,0.0,0.0
"Lallana, Adam",MID,LIV,6.0,4.0,24,,,,9.0,3.0
"Sanogo, Yaya",STR,ARS,3.2,2.5,8,,,,3.0,0.0
"Aguero, Sergio",STR,MCY,20.67,7.5,155,Injured,Sustained in the encounter with Everton on 6/12 which saw him forced off on 7 minutes. Ruled out for 4-6 weeks by Manuel Pellegrini on 9/12.,10/01/2015,18.0,0.0
"Navas, Jesus",MID,MCY,8.75,4.0,35,,,,6.0,2.0
"Mangala, Eliaquim",DEF,MCY,5.78,4.5,26,,,,17.0,5.0
"Noble, Mark",MID,WHM,10.0,2.0,20,Injured,Rated a doubt for 2/12 trip to West Brom by Sam Allardyce.,20/12/2014,0.0,0.0
"Rangel, Angel",DEF,SWA,5.2,2.5,13,,,,-3.0,-1.0
"Toure, Yaya",MID,MCY,10.4,7.5,78,,,,17.0,5.0
"Benteke, Christian",STR,AVL,3.56,4.5,16,,,,16.0,0.0
"Cameron, Geoff",DEF,STO,3.6,2.5,9,,,,1.0,0.0
"Clark, Ciaran",DEF,AVL,9.5,2.0,19,,,,15.0,3.0
"Gibbs, Kieran",DEF,ARS,9.33,4.5,42,,,,0.0,3.0
"Nastasic, Matija",DEF,MCY,0.0,4.0,0,Injured,,Unknown,0.0,0.0
"Barton, Joey",MID,QPR,15.0,1.0,15,,,,1.0,0.0
"Rojo, Marcos",DEF,MUN,4.5,4.0,18,Injured,Missed the encounter with Liverpool on 14/12 with an injury sustained in training.,26/12/2014,3.0,0.0
"Cahill, Gary",DEF,CHE,12.17,6.0,73,,,,11.0,4.0
"Cambiasso, Esteban",MID,LEI,26.0,1.5,39,,,,8.0,3.0
"Eriksen, Christian",MID,TOT,18.44,4.5,83,,,,17.0,13.0
"Allen, Joe",MID,LIV,2.8,2.5,7,,,,-1.0,-1.0
"Larsson, Sebastian",MID,SUN,17.5,2.0,35,,,,5.0,3.0
"Zarate, Mauro",STR,WHM,6.0,3.0,18,,,,0.0,0.0
"McGregor, Allan",GK,HUL,16.67,1.5,25,,,,15.0,-1.0
"Richardson, Kieran",DEF,AVL,11.33,1.5,17,Suspended,"Serving a three-match ban for the red card received at West Brom on 13/12 for serious foul play. He will miss matches against Man United, Swansea and Sunderland to return to contention on 1/1 against",01/01/2015,5.0,-3.0
"Taylor, Neil",DEF,SWA,12.0,2.0,24,,,,2.0,-2.0
"Huth, Robert",DEF,STO,2.4,2.5,6,,,,-1.0,0.0
"Brown, Wes",DEF,SUN,8.0,2.5,20,,,,5.0,0.0
"Wanyama, Victor",MID,SOT,20.33,3.0,61,Suspended,Set to serve one-match ban for earning a fifth yellow card of the season during 16/12 cup clash with Shefffield United. Will miss 20/12 game against Everton before returning for 26/12 trip to Crystal,26/12/2014,1.0,-1.0
"Matic, Nemanja",MID,CHE,20.5,4.0,82,,,,12.0,5.0
"Nugent, David",STR,LEI,6.0,1.5,9,,,,3.0,0.0
"Debuchy, Mathieu",DEF,ARS,4.22,4.5,19,,,,5.0,3.0
"Boruc, Artur",GK,SOT,0.0,3.0,0,Unavailable,Joined Bournemouth on loan from 19/9 until January.,10/01/2015,0.0,0.0
"Distin, Sylvain",DEF,EVE,4.29,3.5,15,,,,3.0,0.0
"Foster, Ben",GK,WBA,12.8,2.5,32,,,,12.0,5.0
"Flanagan, Jon",DEF,LIV,0.0,3.0,0,Injured,"Sent home from club's summer tour of US with problem. Ruled out ""for a number of months"" on 18/9 after undergoing surgery.",Unknown,0.0,0.0
"Jagielka, Phil",DEF,EVE,16.0,4.5,72,,,,3.0,3.0
"Negredo, Alvaro",STR,MCY,0.0,5.0,0,Unavailable,Joined Valencia on season-long loan deal,25/05/2015,0.0,0.0
"de Laet, Ritchie",DEF,LEI,0.67,1.5,1,,,,1.0,0.0
"Duff, Michael",DEF,BUR,18.0,1.0,18,,,,0.0,0.0
"Chamakh, Marouane",STR,CRY,2.67,1.5,4,Injured,Sustained in the encounter with Stoke on 13/12 which saw him forced off on 75 minutes.,26/12/2014,-1.0,-1.0
"Clyne, Nathaniel",DEF,SOT,27.67,3.0,83,,,,1.0,-1.0
"Courtois, Thibaut",GK,CHE,11.64,5.5,64,Doubtful,Ruled out of 13/12 game against Hull by Jose Mourinho.,22/12/2014,7.0,0.0
"Alcaraz, Antolin",DEF,EVE,8.0,1.0,8,,,,0.0,0.0
"Ospina, David",GK,ARS,0.57,3.5,2,,,,0.0,0.0
"Tadic, Dusan",MID,SOT,28.0,2.5,70,Injured,Ruled out of 20/12 game against Everton with minor problem.,26/12/2014,-3.0,-3.0
"Westwood, Ashley",MID,AVL,25.33,1.5,38,Injured,Stretchered off in the encounter with Leicester City on 7/12.,17/01/2015,5.0,0.0
"Hernandez, Abel",STR,HUL,9.33,3.0,28,,,,0.0,0.0
"Gardos, Florin",DEF,SOT,8.5,2.0,17,Suspended,Set to serve a one-match ban after being sent off for denying a goal scoring opportunity in the 16/12 cup clash with Sheffield United. Will miss the 20/12 games against Everton before returning for 26,26/12/2014,-3.0,-3.0
"Montero, Jefferson",MID,SWA,16.4,2.5,41,,,,8.0,3.0
"Kranjcar, Niko",MID,QPR,12.0,1.5,18,,,,2.0,0.0
"Sanchez, Alexis",STR,ARS,23.83,6.0,143,,,,19.0,8.0
"Costa, Diego",STR,CHE,14.62,6.5,95,,,,3.0,4.0
"Ledley, Joe",MID,CRY,14.0,1.5,21,Doubtful,Faces a fitness test ahead of 20/12 trip to Man City due to ongoing problem.,20/12/2014,5.0,0.0
"Mata, Juan",MID,MUN,12.0,5.5,66,,,,23.0,10.0
"Coates, Sebastian",DEF,SUN,-2.0,2.0,-4,,,,-3.0,0.0
"Perez, Ayoze",STR,NEW,17.5,2.0,35,,,,11.0,8.0
"Arnautovic, Marko",MID,STO,1.2,2.5,3,,,,0.0,0.0
"Onuoha, Nedum",DEF,QPR,-11.0,1.0,-11,,,,-3.0,-2.0
"Boyd, George",STR,BUR,23.0,1.0,23,,,,10.0,-1.0
"Puncheon, Jason",MID,CRY,10.33,3.0,31,,,,5.0,0.0
"Marney, Dean",MID,BUR,20.0,1.0,20,,,,2.0,2.0
"Ireland, Stephen",MID,STO,4.0,1.0,4,Doubtful,Rated a doubt for 22/12 visit of Chelsea.,22/12/2014,-1.0,0.0
"Shackell, Jason",DEF,BUR,15.33,1.5,23,,,,7.0,8.0
"Lambert, Rickie",STR,LIV,7.71,3.5,27,,,,3.0,0.0
"Arfield, Scott",MID,BUR,24.0,1.0,24,,,,1.0,2.0
"Dzeko, Edin",STR,MCY,7.27,5.5,40,Injured,Sustained a recurrence of his previous calf injury in the warm-up to the encounter with Leicester on 13/12.,26/12/2014,-1.0,0.0
"Fletcher, Steven",STR,SUN,18.5,2.0,37,,,,0.0,0.0
"Giaccherini, Emanuele",MID,SUN,2.4,2.5,6,,,,0.0,0.0
"Walker, Kyle",DEF,TOT,0.5,4.0,2,,,,2.0,-1.0
"Salah, Mohamed",MID,CHE,2.67,3.0,8,,,,3.0,0.0
"Podolski, Lukas",STR,ARS,6.25,4.0,25,,,,12.0,0.0
"Gardner, Craig",MID,WBA,16.0,2.0,32,,,,11.0,9.0
Adrian,GK,WHM,11.0,2.0,22,,,,3.0,3.0
"Isla, Mauricio",DEF,QPR,2.5,2.0,5,Injured,Harry Redknapp revealed on 19/12 the player has returned to Chile as his partner is due to give birth.,26/12/2014,6.0,-2.0
"Giroud, Olivier",STR,ARS,6.55,5.5,36,,,,16.0,13.0
"Wickham, Connor",STR,SUN,8.5,2.0,17,,,,4.0,-1.0
"Amalfitano, Morgan",MID,WHM,9.0,2.0,18,,,,0.0,0.0
Sandro,MID,QPR,4.0,2.0,8,Injured,Sustained in the 1-0 defeat to Newcastle on 22/11. Ruled out until after Christmas on 25/11.,01/01/2015,0.0,0.0
"Welbeck, Danny",STR,ARS,18.0,3.5,63,,,,3.0,3.0
"Kaboul, Younes",DEF,TOT,1.0,4.0,4,,,,3.0,0.0
"Sanchez, Carlos",MID,AVL,13.0,2.0,26,,,,7.0,0.0
"Murray, Glenn",STR,CRY,2.0,1.0,2,Unavailable,Joined Reading on loan until January,10/01/2015,0.0,0.0
"Dorrans, Graham",MID,WBA,27.0,1.0,27,,,,1.0,2.0
"Gayle, Dwight",STR,CRY,19.6,2.5,49,,,,0.0,0.0
"de Jong, Siem",MID,NEW,2.8,2.5,7,Injured,Club confirmed on 5/9 he is expected to be out for a number of months.,Unknown,0.0,0.0
"Baines, Leighton",DEF,EVE,9.5,6.0,57,,,,-2.0,-1.0
"Rose, Danny",DEF,TOT,10.0,3.0,30,,,,8.0,8.0
"Cazorla, Santi",MID,ARS,13.8,5.0,69,,,,20.0,13.0
"Townsend, Andros",MID,TOT,14.0,2.5,35,,,,5.0,2.0
"Senderos, Philippe",DEF,AVL,18.0,1.5,27,Injured,Picked up problem during training for Swiss national side on 11/11 and will miss the upcoming clash with Lithuania and Poland.,20/12/2014,0.0,0.0
"Gomis, Bafetimbi",STR,SWA,12.0,2.0,24,,,,0.0,0.0
"Samaras, Georgios",STR,WBA,0.0,1.5,0,Injured,Ruled out of 20/12 game against QPR. Returned to training on 18/12 after being granted a week off for personal reasons.,26/12/2014,0.0,0.0
"Pocognoli, Sebastien",DEF,WBA,31.33,1.5,47,,,,12.0,7.0
"McCarthy, James",MID,EVE,17.33,3.0,52,Doubtful,Forced off during 27/11 Europa League game against Wolfsburg due to problem.,15/12/2014,0.0,0.0
"Carrick, Michael",MID,MUN,7.0,3.0,21,,,,8.0,5.0
"Jones, Billy",DEF,SUN,6.5,2.0,13,Injured,Limped out of practice match ahead of 18/10 game against Southampton.,20/12/2014,0.0,0.0
"Dawson, Michael",DEF,HUL,3.0,3.0,9,Injured,Sustained in the encounter with Chelsea on 13/12 which saw him forced off on ten minutes.,17/01/2015,6.0,-1.0
"Kozak, Libor",STR,AVL,0.0,1.5,0,Injured,Ruled out for rest of the season by club on 2/1. Reported in March that he should return to contention for Villa's pre-season in July.,Unknown,0.0,0.0
"Demichelis, Martin",DEF,MCY,14.25,4.0,57,,,,24.0,5.0
"Luis, Felipe",DEF,CHE,7.0,5.0,35,,,,20.0,18.0
"Kone, Arouna",STR,EVE,1.0,2.0,2,,,,2.0,0.0
